player,rating,team,number_of_stints,stint1_gd,stint2_gd,stint3_gd,stint4_gd,stint5_gd,stint6_gd,stint7_gd,stint8_gd,stint9_gd,stint10_gd,stint11_gd,stint12_gd,stint13_gd,stint14_gd,stint15_gd,stint16_gd,plus_minus_per_min,avg_minutes_per_game,wowy
USA_p1,3.0,USA,16,0.374496110945137,0.012973303105998712,0.5368934135552024,-0.6303147986895393,-0.44171220994198745,-0.09099583719308539,0.9891216060955459,-0.1379811333763283,-1.0842479190865841,-0.1160099599497581,-0.6585001984410002,-0.1519021768685342,0.44838255342535116,0.406091794649897,-0.3435265345132367,0.40495375799608535,0.4291495903349046,10.60343250484101,0.0164956732792573
USA_p2,3.0,USA,16,-0.31005409188210986,0.00466386186741477,0.04965036010747987,-0.3514606476268316,0.06974916698349473,-0.5830973225384606,-0.49488918985377883,-0.44807594436451553,-0.030807378706889793,-0.7284343337168322,-0.0055076038389898115,-0.8688572094817134,-0.5219261374266168,-0.16954747054134717,-0.20620014887482696,-0.29187121208592376,0.0973825331217626,9.88845670875,-0.0554263174625619
USA_p3,3.5,USA,16,0.2614251398363911,0.20411910220932444,-0.11541827535779377,0.4673114878776179,-0.1967749067528936,0.5040198005342542,-0.41801024675104387,-0.20901084382913301,-0.8053937680238764,-0.2585092639392623,0.516993103640253,-0.1562047322785918,0.24578057951137472,-0.6759648388851346,-0.4922616905519785,0.03177086259317555,0.3207731487117046,8.381871288420943,-0.0041647126061655
USA_p4,0.0,USA,16,-0.18701211098548162,0.022215516718065674,-0.403869838624014,0.38499416891707455,-0.5218538761351452,-0.7632333437092852,-0.8566956412848089,-0.2581718388650448,-0.281120343907151,-0.6626347230984995,-0.09816227380364145,-0.5095309246523894,-0.4516130958370954,-0.567443497945307,0.3725281476649913,-0.6264207203615828,0.0956801911397964,13.040383878365688,-0.0697199399682948
USA_p5,2.0,USA,16,0.19982563696557457,-0.43231094855371355,-0.6916395080815974,0.07380643514488384,-0.14344821304700742,-0.24379891434228185,-0.004773256660457821,-0.34608691210555936,-0.0073766688651010215,0.5447387467259565,0.576943845638518,-0.7068260792753492,-0.517013905289748,0.342781771231491,-0.2516631797821757,-0.2937082534586355,0.2646037789174911,9.623053407299537,-0.0271748218367068
USA_p6,0.5,USA,16,0.08070527691602115,0.019792171028910194,0.06449316468055372,0.01524391222753901,-0.2967347953607209,-0.02682096644701966,0.5837831432779249,-0.2553516813573655,-0.4357244895075055,0.3101054432126249,-0.7399471564504392,-0.33134621292323924,-0.2924106165175005,0.923450583376213,0.2849939853902318,-0.21065960470168474,0.4797979739470362,12.467368573087182,0.0349615462014856
USA_p7,1.5,USA,16,0.42312574169015504,0.2386143855534065,-0.15229994825690568,0.043412530134984514,0.3933072711078226,-0.19919461644876893,-0.33153460828020376,0.6091489445510792,-0.1244338696854163,0.39159575006855096,-0.03514639904796177,0.15032213200779085,0.5523956410333809,0.22239384672911458,-0.13647528583652546,0.40435226930013535,0.5814587259842458,12.413919502134,0.0607294829522341
USA_p8,2.5,USA,16,0.25971361879711935,0.16059125824342077,0.2546456294817653,0.018277579973187977,0.1240471389897875,-0.062096499356922484,-1.1724026275870958,-0.0489590028479208,0.2444668298604746,-0.27951198358138973,0.04228085980037683,0.5365186951750769,0.16560538587545012,-0.0015189914046538494,0.41249530899716785,0.48375159097937726,0.5824210061957709,11.12019560613458,0.0515480549994295
USA_p9,1.0,USA,16,-0.17167218159509973,-0.3279938071393071,0.7046073920546632,0.3800429830534673,0.002602910776725212,0.34138708612186075,-0.01883680695918406,0.05526781195214636,-0.35289262462496895,0.25730323765501206,0.35397654399704026,-0.08597976834035417,0.3946764879392399,-0.5940115504074774,-0.32081147693178996,0.39333102391970115,0.4628064567984161,12.27687751187318,0.0278686606126688
USA_p10,1.0,USA,16,0.009400653596858278,-0.1949849355052219,-0.1961239104366134,0.43416123875771645,-0.36606879420353355,-0.725136811971729,-0.07763782926555107,-0.1990165110722617,-0.15589504102942858,-0.5296013525823547,0.10787400109589752,-0.033162751381963576,-0.5467165629750713,0.5655178701687879,-0.4716119438767784,-0.22606329405512957,0.2180674920431115,11.881225700513273,-0.0373929195279577
USA_p11,3.5,USA,16,-0.3432168432640734,0.2306615190467185,0.17709339510509237,-0.5642025809498965,0.2237690000391719,-0.8180495225897352,0.16526147617040354,-0.8797355384391504,0.10852301415055689,-0.7348125933326244,-1.1882639717865264,0.2857477408435514,0.14391028417009014,-0.4251619596651433,-0.6630021170956415,-0.6564934433189142,0.2767278830801482,8.569532441158954,-0.0127093925739558
USA_p12,3.0,USA,16,-0.35939476074042653,0.1328917211742094,-0.027809631665886823,-0.03756380548294785,-0.5402698274481766,0.368309562809705,-0.11276066718454697,-0.2884909909979627,0.6219663312591993,-0.26982522247492513,-0.3473387454454525,0.15967527998089207,-0.3384435866036157,-0.11535648037308047,0.7860554541333766,-0.4507002891826752,0.3781845981972322,9.786053152564206,0.00552207888152
Japan_p1,1.0,Japan,16,0.1621823437969068,0.08225480765023312,-0.25990765271549116,-0.30156224798978226,0.31371016780366934,-0.018712652005770394,0.2509753603720826,0.03826955769475349,0.4284409580366486,-0.34959510287986567,0.4942921229337681,0.1704939931740393,0.23303564511488536,0.047689139931341155,0.0519886842433781,0.25312663807711144,0.6469101961107935,14.123078738426456,0.0510874342815696
Japan_p2,3.0,Japan,16,-0.018050859475305346,-0.749999498811655,-0.6330627334771253,0.28745926188282306,-0.28613447153918015,-0.5857677460447193,0.9198706408808698,-0.17697833537505175,-0.7745769258660643,-0.05545328167240161,0.13364115793446024,-0.820074844462607,-0.23430709841788766,-0.24484519679660344,-0.4122937796657166,0.18657703895289918,0.3582622123705648,8.110429392293963,-0.0274435336714387
Japan_p3,1.5,Japan,16,-0.18175711238188094,-0.11404430796400063,-0.4088147289661937,-0.7560147005186078,-0.6094152397609224,-0.7135517279466502,-0.5182958125984106,-0.22812424514581908,0.5872129718741479,-0.7470341115790973,-0.3347244263112681,0.09715725642371971,0.15522770055997373,-0.6106085539260367,0.04288890436121428,0.03849287923043759,0.2698849544018705,13.02043198138514,-0.0547637384122548
Japan_p4,0.5,Japan,16,-0.1985249337190888,-0.03223935570502713,0.010312977580636436,0.22167200725785227,0.4921304168003268,-0.41874430057298034,-0.4946483188822074,-0.17703231644597622,-0.12266467332707905,0.3888936174017493,-0.23387353066905908,-0.38041386855190423,0.2094773312293129,-0.31588078368704997,-0.23969689992387497,-0.10993258555914101,0.3210605548571159,14.830435623047157,-0.0512407057789037
Japan_p5,2.0,Japan,16,-0.44353472612143496,-0.5644521832622236,-0.660012833786086,-0.039832808444542414,-0.7425144380093469,-0.12123269632894158,-0.2912931217541524,-0.3850159611213074,-0.6011276774809471,0.43537643188143954,-0.3558617017278159,-0.6993413527583199,-0.7899016045528524,-0.5135772533344741,-0.22771205492768112,-1.4326349546862904,0.1353312265824452,11.727935993662475,-0.0849949663800761
Japan_p6,3.0,Japan,16,-0.7620400295441708,0.2617864462937482,-0.4737487599535904,-0.15002187900652317,-0.9625181105990358,0.5013485433152367,0.49499437079660147,-0.43469757688394245,-0.5756792730377679,-0.7553508458038841,0.23288079949030377,0.7235735612219398,-0.6616039193395721,-0.6905983437709071,-0.02690259468520368,-0.05545328167240164,0.4777217497845005,8.881719654002802,-0.0021357375501232
Japan_p7,2.0,Japan,16,0.1405835069088557,0.010991739150344213,0.1827903031486834,0.19028929333996755,0.21360906882072203,0.26440842524917724,-0.03952188432004813,0.12479610328332166,0.11194605622910027,-0.5408046895460206,0.406091794649897,0.3101907773364975,0.23025645467214417,0.07227501311072766,0.047689139931341155,0.005379850366483463,0.7290693668148547,11.75845216235,0.0664479559685935
Japan_p8,1.5,Japan,16,-0.237887040913231,0.19791633430139138,-0.053403841559776226,0.31514214480180663,0.2822214683486203,-0.010875317407539026,-0.45149898644305886,-0.6564934433189142,0.286576871842203,0.7081576561366718,-0.8752523298004141,0.7261337169372839,-0.1870121109854816,-0.5220706600095595,-0.24274426812846026,0.43351530341157063,0.5651244474537949,12.304729931670929,0.021692926962399
Japan_p9,3.5,Japan,16,-0.12944799731744552,0.10598973428042155,0.41642093012229087,-0.27170952061498405,-0.23247514189283036,-0.09473583458886964,-0.5727506850215033,-0.6679920143653942,1.4190021684018133,0.20393328745982653,0.6500923018886775,0.17504771367918184,1.3582194186957912,0.60898016772834,-0.5984126045084617,-0.7904451520932539,0.3306709033254337,7.096284039106931,-0.0301449437888105
Japan_p10,1.5,Japan,16,-0.6561682675072927,-0.7128138604889729,0.5553933880743839,-0.06461250445478253,-0.10245922393892203,-0.3964237041255303,0.051778196071142334,0.30994990636492603,-0.3155916356641555,0.2632847199825648,0.18479043267794,-0.12676661097493527,0.50477158539378,-0.11771185304815426,-0.3256126268601363,0.2268904672906191,0.54074044357713,12.53802373077798,0.0160564754326606
Japan_p11,3.5,Japan,16,0.08294688123538925,0.52762353633324,-0.14631216704328207,-0.2524587225589186,-0.4686141968357754,0.18296146723973808,-0.28518202834563716,0.11026464406127498,0.8739496208422567,-0.33294771702844345,0.4637534243408831,-0.5467165629750713,-0.5494644977626573,0.03189129807896121,1.267673923200067,-0.037254114233784504,0.5244892582944641,6.9114856837827086,0.0132540568495707
Japan_p12,2.5,Japan,16,0.4723180498096241,-0.05896758729191911,0.5825557344223786,0.05876215955861163,0.27032029867822804,0.03826955769475347,0.3383185639829949,0.5149321525495634,0.6499116486599988,0.1790706006199005,0.24927571573875013,0.1248390497324917,-0.4086634548375105,1.0391602974665508,-0.09304151861899593,0.004392882024396971,0.8119943056986076,10.15734514901844,0.07606523092785
Great.Britain_p1,2.5,Great.Britain,16,0.1932305934753679,-0.24971078777133263,-0.1861801032777243,-0.04521265881102593,-1.0791133559687691,-0.6457075919408677,-0.1957232973189025,-0.24992757164574692,-0.15414378118790234,0.09866912198480997,0.5790723979277775,-0.2757449098177646,-0.03465830104525111,0.013884697948791037,0.09777214597178412,0.41375586619805393,0.0813909196741553,9.80656246188266,-0.0200583381917925
Great.Britain_p2,3.5,Great.Britain,16,0.41112134160337477,-0.02876169728097931,0.3005200808232562,0.5087492992774948,-1.0948783517795713,-1.225048962011731,0.4383487778149213,-0.04290210540800915,-0.1639065769553143,-0.04972537367985228,-0.2706103466999496,-0.2307271559225444,0.6182010038097162,0.23257110824114044,0.5565989585150722,-0.08562355758733982,0.3532327877209061,6.405481997367677,0.0382596734813179
Great.Britain_p3,2.0,Great.Britain,16,0.3744567868639559,0.428661138333557,0.31553906535516546,-0.24354931202995464,-0.4439682938702637,-0.14842546478957855,-0.21868662519002857,0.059118734290507624,-0.22283992629168223,-0.33000641689304305,0.13119577140424035,-0.07358965127046961,1.2107291920303578,0.14431534854466435,-0.5000719271659081,0.11142564121639445,0.2869380922012315,11.408680111264529,0.0275225017249971
Great.Britain_p4,2.0,Great.Britain,16,0.45993532044043484,0.4695776807220611,0.13053191668951697,0.052024486175646666,-0.7856875232603739,0.03162031823594336,0.2772010317493096,0.21559444641211734,-0.47993873906922263,-0.250127679837514,-0.20851384734302714,-0.2245443026504757,-0.2135279749750565,-0.5531703960901578,-0.0013502145819145452,-0.562662212014552,0.224986651099277,11.25449034141055,0.01128652495691
Great.Britain_p5,1.5,Great.Britain,16,-0.05308090502929985,-0.231951725742814,0.3323683924125663,0.11201898609112887,-0.5472585226611071,0.017422372666841743,-0.048202632204505005,-0.16940789458154465,-0.31424142108224096,-0.21843887219069794,-0.35279317958895007,-0.21478150688306374,-0.2331137842527733,-0.06884590084010186,-0.009025429737652657,-0.03434043771950046,0.0445662465744213,12.443171619118,-0.0353357329058986
Great.Britain_p6,3.0,Great.Britain,16,0.34430076263614484,0.20063576571472316,-0.17380894868252886,0.3933857213162226,0.2607025269216768,-0.08048899446952477,0.3445175465105591,-0.13494386689261767,-0.312626248431598,0.8530500619136396,0.013884697948790992,0.04454705264482008,0.08018469476067609,0.09107566924529467,-0.18755407067151736,-0.2034997197109979,0.103640749395914,8.51357160498549,-0.0128987371107197
Great.Britain_p7,2.5,Great.Britain,16,0.19872646305054006,-0.11440561442135783,-0.19525591534823977,0.3546943391549214,0.06989743001415709,0.2975477348897744,-0.2031055672120628,-0.026406324605905546,-0.15859136060882073,-0.08756136362577713,-0.3381026396992972,-0.3062479888158057,-0.14284672435105744,0.05293588101843891,0.14800843353959067,0.5820784087563329,0.1507525359171813,10.28479359344312,-0.004397609323012
Great.Britain_p8,3.0,Great.Britain,16,-0.023105534030167362,-0.5329102852668618,0.2819117770994571,0.003297521745103271,-0.005727907992549408,-0.1767649104223549,0.17953842516119475,-1.105829371823838,0.2427315560093244,0.16158458264507536,-0.703463254939699,-0.242709110792494,-0.03660579653942824,-0.008492416952805273,-0.18549311958082787,0.19733824396961994,0.0548316729005246,9.374484935400654,-0.0249194904805975
Great.Britain_p9,2.0,Great.Britain,16,0.12099629947071777,0.657252186879364,0.3543345382465747,-0.07602953864266707,0.2619521880204463,0.07273245239628082,-0.1065231165159568,-0.02390423985278499,-0.19643360168577667,-0.12467474065698776,-0.04520488516350203,0.3075964279719829,0.01800660013017011,-0.06747193344630885,-0.1639065769553143,-0.3453069455329775,0.1995852489217696,11.391547811990565,0.0068962639220946
Great.Britain_p10,1.0,Great.Britain,16,0.38186642138056837,0.28921175141591665,-0.14569473507139047,0.05625194125895622,0.12143422566039291,-0.13112526156425147,-0.3187154628815045,-0.328415331339557,0.01200440008678009,-0.40980373124597214,0.16624182009684443,-0.0710154110106379,0.15674669196462754,-0.022075058484822663,-0.023213925967374503,-0.056604644579111366,0.2221695623134408,14.68984468282818,0.0147596665069733
Great.Britain_p11,2.0,Great.Britain,16,0.17079931498467157,0.48331183431362,-0.051827373121292514,0.23209765637475482,0.38356872958020716,0.12745830466239155,-0.5911475964112027,-0.5558763456003581,0.8272020411469445,0.6964840231776906,0.8048870793928599,0.057057783199818135,0.02579726587222154,0.22476058509697203,-0.14850288760186942,0.14299430590756132,0.3218705707050513,10.945193815326425,0.0355551036436124
Great.Britain_p12,0.0,Great.Britain,16,-0.3829454759412661,-0.29227627646049814,0.3446620690935019,0.25968986598524085,-0.058793892764164836,-0.7993012413661471,-0.9696616514365477,0.21060911479720323,0.24529883756823193,-0.34685022958614353,-0.5361784645963555,0.17906400816639317,-0.12870631622402764,0.15377434603114562,0.22714721342720093,-0.029704391156114635,0.0923421027900907,14.865670493206272,-0.0302481610478975
Canada_p1,3.0,Canada,16,-0.6101378526756366,-1.3327720171084478,-0.19382393835010242,-0.20301797776785502,-0.1794909195374377,-0.2688455666187094,-0.17931026630875918,0.7909060569329602,0.14116234938250405,-0.2752606978789414,-0.520619929618329,-0.19167597285289645,-0.5604562369130016,0.797944837867304,-0.3284153313395571,0.03341028948361502,-0.0726906012222596,8.024879744077593,-0.0277218156947833
Canada_p2,0.0,Canada,16,-0.4335072738168488,0.28915178067259195,0.5895996002043767,-0.3102064230215875,-0.17798668124782893,0.4069994394219959,0.3870005913823127,-0.8035191444368828,-0.29716062082832045,0.6039041156427872,-0.018484427224133827,-0.13344151259923284,-0.6507857312881574,-0.3023812092931251,0.5986754122748922,0.06269867678585103,0.0841174122869628,13.196931680830092,0.0067823255656917
Canada_p3,2.0,Canada,16,-0.014200430207144692,-0.27097165315730676,0.6217018422991356,0.12209983182659878,-0.26840437159839936,-0.20057113169473326,-0.13176169578564575,0.09415640711598369,-0.01504238289608778,-0.48385810906331445,-0.4974247570440477,-0.17620358031827488,-0.2970057752037387,-0.5667841141959311,0.21025614648705598,0.64776037095497,0.1903885781330161,11.412067331104726,0.0316266255858929
Canada_p4,2.0,Canada,16,-0.37055224161746875,-0.34854697111254745,-0.5759057283872309,-0.3401788604547657,-0.36175013341550016,-0.027625207599917906,-0.12306542263799462,-0.24613084527598927,-0.018151624141030887,-0.2868570844538945,-0.5195472602245205,-0.3039722948466111,-0.21093058454470257,0.026978241431922817,-0.2859016301623307,-0.44490703323245806,-0.1460659206178819,11.117262699882476,-0.052777891013448
Canada_p5,3.5,Canada,16,0.007327826100229504,0.24016427445041688,-0.006706062604637262,-0.5655908000308166,-0.1248553938856663,0.3944597040648257,-0.350592652538458,-0.016835666351582262,-0.33840380667887277,0.12026279045388706,0.11536357796127215,0.19286928701801084,-0.23309190529416463,0.0020609510906895445,-0.23980296799305992,-1.2589655819635641,0.0225324340374699,9.124956331553085,-0.0087311897622121
Canada_p6,1.5,Canada,16,-0.11770590971972701,-0.15164883255302591,-0.47520924032598205,0.027565540990339713,0.10977688034384289,-0.31271915580634685,0.227147213427201,0.37789483177128436,-0.22030374446021053,0.011959236779610416,-0.5786078610540326,-0.02842075037666091,-0.5303144643723177,-0.19319496425755026,-0.09028079503910895,-0.6505630031390776,0.0300608943314514,12.096658190768,-0.007854332218771
Canada_p7,3.0,Canada,16,0.09789893751713774,0.6289835863571277,-0.4207543679028891,-0.19525591534823974,-0.27097165315730676,0.34017886045476575,-0.47594202293600496,0.6008233777720984,-0.2795411347596043,0.4074330071708244,0.2713329596146639,-0.04521265881102589,0.22241771468396038,-0.6867695687472323,-0.47121710761250085,-0.24706361764947218,0.0794102884788481,9.768267430309812,0.0032413582107521
Canada_p8,3.5,Canada,16,-0.7115264060737784,-0.029288387302235958,-1.3109900681392106,-0.2603412204643198,-0.3960077002716516,0.430375953295181,-0.27500704236008733,0.33659891795942243,-0.7635946501666425,-0.25007209422868976,-0.2682237183697207,-0.24706361764947218,0.4419524731221433,-1.783479877051861,-0.6630884868091208,-0.27973654110332796,-0.1065194985298279,8.3047272736425,-0.0347551325173805
Canada_p9,2.5,Canada,16,0.3574984768880394,-0.8811095058329436,0.14266658767211288,-0.047946341911484835,0.5241529886309397,0.37575849296627745,-0.10577193936926431,-0.29392503733304975,0.6417401055887122,-0.09968890876480938,0.5544896660874293,-1.045008455516776,0.10277270056845422,0.044214249561717135,-0.4466089263308542,0.4567009451470023,0.3434045544456899,10.83161571409084,0.0640526451617019
Canada_p10,1.0,Canada,16,-0.30052008082325626,-0.45658029051890525,-0.07370131203831164,-0.8483862000462248,0.6858535904847036,1.0672239722348418,0.5183965772641362,-0.146303846383484,-0.10929230462456387,-0.40940595771459615,-0.08598486404469696,-0.18040689779996644,-0.29106108333677505,-0.47618289390757634,-0.38621589970206743,-0.5628428652432306,-0.0129499441079012,11.33510612884624,-0.0182710945729595
Canada_p11,2.0,Canada,16,-0.036303248282061905,-0.19091689500716777,-0.26290087475174573,0.29071388530142556,-0.050874929927749474,-0.06730909482653913,0.48818254343198075,-0.2286662048318548,0.09130008039119043,0.12026279045388695,0.11285761821453182,0.15682411477691832,0.2663188319826347,0.6448208434594012,-0.11880231008149549,0.08942690837274306,0.3207517955556893,11.677111702416818,0.0664578699663115
Canada_p12,0.5,Canada,16,-0.24411980551910648,-0.48097990337991264,-0.3108183790036977,-0.2109305845447025,0.588428164997871,-0.3771690924337242,-0.019125143723020113,0.7605424156702075,-0.11770590971972701,-0.2099464552378927,-0.39390373023641756,-0.07891249488844461,-0.26428246941702027,-0.459098939170015,-0.4191056070303375,-0.3769026292377374,-0.0438459838195998,13.182088780450185,-0.0266619350888285
France_p1,2.0,France,16,-0.3169221794260099,-0.2550260041178263,0.30202621180304945,-0.006605213185515201,-0.08267520603696027,-0.13798113337632825,0.25764079130049056,0.03017977703968953,-0.17752029506108752,-0.038509223383612255,0.27994760452413103,0.41318229269406437,-0.1481157735404153,0.023782983637711988,-0.29678899132932446,0.1517927820754911,0.2494791819537766,11.40557910752549,0.0195130023044849
France_p2,3.5,France,16,-0.02396129454980321,0.08885323431806874,-0.7738637764022724,-0.3968900903122718,-0.4686141968357754,0.3967303131863659,-0.1652301620162444,-0.08250342024028025,-0.4636000692037461,-0.3834024356102741,-0.44425355365578045,-0.9009098908465261,-0.5001441884573796,-0.7104899923254641,0.04156707943985678,-0.5078460331341019,-0.0524284529814183,9.809286466415235,-0.0471955431655808
France_p3,0.5,France,16,0.9520519869815525,0.07173802392535208,-0.2993924035339676,0.24779696010240107,0.11895061804480732,0.4568980213964698,0.6731978359188447,0.35218326054154586,0.02675673496114625,0.09251714736818345,-0.11597586287140704,0.7198906459223223,0.48358281415663795,0.0509589004825208,0.11615513995963508,0.4742540159334128,0.5036391224505068,10.61995308701743,0.0815662550062574
France_p4,2.0,France,16,-0.5179701353588712,-0.2044073644830969,-0.09314474903538365,-0.16265146780548662,-0.6898495368339257,-0.28295230043220837,-0.11257365789630043,0.020306214053882575,-0.633863629100733,0.4542944268544018,-0.27218059514999876,-0.3928672033715533,-0.4656728967003749,-0.11836874233266688,-0.031004454956357373,-0.34588190718831047,0.0076054332774125,10.856555350327202,-0.0373824857375996
France_p5,2.0,France,16,-0.12782773981914813,-0.006446735526894755,0.31831635906662814,0.08407997765761087,-0.023720423578231772,0.04365691147606716,0.34681098093580026,-0.4444120313144008,0.512600221615856,-0.41229377966571673,-0.059200780385289906,0.15692734519330606,-0.2106596047016847,-0.25108475516512563,-0.12125169857844442,-0.20593010595844402,0.2304859513959482,11.025767029523166,0.0194365940302046
France_p6,0.5,France,16,-0.31240946455718366,-0.2519113148218247,0.7548436796224698,-0.12210745909808025,-0.5727109050967605,-0.4642131427347912,-0.19098370059476563,0.310745449141669,-0.15713949621991724,-0.07763782926555103,0.5080361498137027,-0.3224432401676135,0.37599498446563845,-0.6045215476146788,-0.5978624727458387,0.14722580930973558,0.1434870670466907,10.960759775063956,-0.0056533779048976
France_p7,1.0,France,16,0.07719472136719703,-0.39325976548406555,-0.029216293153403888,-0.2627278487945486,-0.21511906052854238,-0.07999320194062476,-0.22628007792954388,-0.33707979898634205,0.11906947628877258,-0.8393103879757093,-0.2603412204643197,-0.23948865480802795,-0.5190913553751535,-0.5266566553107258,0.10724572943067108,-0.8182903935613067,0.0061602759010057,11.805846669205,-0.0400104318706349
France_p8,1.5,France,16,-0.4530900719965449,1.1421733392119775,-0.6112097276556252,-0.1785196940326764,0.5686107957306147,-0.06472399865872282,-0.40326834992806404,-0.4599669342583885,-0.10890974484618571,0.32009496508073143,-0.8112034384326485,-0.5209233119002108,-0.8811095058329435,0.16939481925900485,-0.12637438529032016,-0.34430076263614484,0.1992310085079186,11.258240727705084,0.009545209582503
France_p9,2.5,France,16,-0.025901025156280403,0.24978204620696812,-0.38086588042173325,1.0298215500377457,-0.3423091984919745,-0.2900634262293432,-0.12467474065698773,0.08933497626121155,-0.012783755751667663,0.40935481209706964,-0.10890974484618572,0.32504615094433864,0.35126728227901716,0.24873375605271447,-0.33090943907636516,-0.001248011561635995,0.2618947375214776,11.003726951870682,0.0217679651987892
France_p10,3.0,France,16,0.19789837812792707,0.13034363618935685,0.4273494113930957,-0.6460797945003415,0.18928934452266746,-0.29673479536072084,0.1121941912687492,0.38586216400544815,0.22285128243278884,0.010750868178772842,0.4682977808120791,0.17033696832903436,-0.19319496425755023,0.18218415692850226,0.952738970678449,0.2843500206378799,0.4525749216822475,10.318125346593575,0.0683161620746857
France_p11,3.5,France,16,-0.509726330996113,-0.11802154429731747,-0.707585157121078,1.0056748516968879,0.5245142950882967,-0.012583779804626303,-0.2445762246535177,-0.7060305364986063,0.5144828853405976,0.29306925797649935,-0.4858834309361863,0.08783354808875421,-0.07370948411489898,-0.24333252815554038,-0.830184193572331,-0.08996257792841178,0.2121053465480663,9.693648933499196,0.0124183864737057
France_p12,1.0,France,16,0.16471951648436772,-0.8375852939010785,-1.317542356568036,-0.7856875232603739,-0.11097069593687525,-0.009907819778272736,-0.41397867118400394,-0.07577043520558863,-0.7525482136197768,-0.7889121814944016,-0.5706350365342922,-0.25897743284704605,-0.6525883250119494,-0.16011012409169367,-0.8022407688617159,-0.682672087948289,-0.2288013005182238,11.187143699469765,-0.0971761062156512
Denmark_p1,1.5,Denmark,16,-0.3532196742898602,0.22037405913214306,0.4469186175800174,-0.3202979846586261,0.8584984258650548,0.21450532662767208,0.3730624599171241,-0.16609729751390162,0.5568627837292351,0.6760187005684596,0.1896771749097186,-0.2608229624074625,-0.09171990602332616,0.7196798838221973,0.6332795173515396,0.07573256777722742,0.0875847414557019,12.674487869336478,0.010490700359673
Denmark_p2,2.0,Denmark,16,0.6899517398542041,-0.2046774060485348,0.2887114809364992,0.43542018979865665,0.09393962324156935,-0.5040198005342542,0.33770571914593833,0.16305081643567843,0.5478004823471427,0.16030720034116122,-0.2788541510627078,0.46900834933471053,0.3730471902523451,0.41741339681159517,0.13725756536081787,-0.15006768800086032,0.0176000222166688,11.363622019214327,-0.0080862590898336
Denmark_p3,3.0,Denmark,16,-0.2503611393945755,-0.8838574406205294,0.4677065520636765,-0.005495869575172119,0.6254383116126937,-0.32477517110132087,-0.1428619940158365,-0.049650360107479904,0.06096340293470085,0.2658370900394918,-0.17507896933433711,-0.428781388391233,-0.7639559566239996,0.12166626407777015,-0.10413648818572792,0.17659815359588238,0.0093280961228727,9.18882959450981,-0.005675476994826
Denmark_p4,1.5,Denmark,16,-0.05814277706028513,0.05549128617140722,0.09556700658343037,-0.07419697432619404,-1.1152508625241329,0.7882690565064083,0.20922762770354728,0.4707042991046794,0.5409886549825219,0.07416111718659536,0.4650342543404321,-0.7569410956441736,0.4141593244126826,0.05326155825797843,0.5229961393968395,0.22061493010371444,0.0675971568839567,12.19095760918987,0.0056099847197167
Denmark_p5,3.0,Denmark,16,-0.03009681018425843,-0.5821221666735502,-0.09632596504155945,-0.3757584929662775,0.4645228339839545,-0.4069994394219958,0.5395566779843847,0.15290721053348855,-0.6662865635182051,-0.48716275665198133,-0.23190058012528733,0.5107746211503666,0.4580760984570597,0.32423321141528516,0.07853593388812449,0.404926611925367,-0.0331745618198458,9.099948149796942,-0.0151995992249741
Denmark_p6,1.0,Denmark,16,-0.17883956505835896,0.003302606592757656,-0.18183802079943692,0.4979952766150812,-0.17533951112596857,0.23045617607952648,-0.031289120650032705,0.16874446763576204,0.8116851803757915,-0.19060108677488719,0.13372320402924243,0.3986201451377287,0.5330481474727766,0.4031566891602219,0.4878212369746236,0.15060339069552098,0.1692907958375074,12.350990971275454,0.0287137521509966
Denmark_p7,0.5,Denmark,16,0.07337286739605531,-0.2224177146839604,-0.2675987318926167,0.10800210007408681,0.020779123442831306,-0.07053601138408236,0.1735608136428798,0.2949448241130492,-0.08401423956834664,-0.1508348185355768,0.3595237987609112,-0.17819994484309787,-0.015653824593153697,-0.07810236613929593,0.22094909049035344,0.17882938528183961,-0.104634762980231,12.771698413615365,-0.0411910946194203
Denmark_p8,3.5,Denmark,16,0.040841154317319606,0.6040453260179073,-0.2441996636531974,0.5501871106773718,0.4283478206424043,0.5957468242586276,0.18064776877153785,0.17512272725155426,0.4534272913567447,0.9267595460285387,0.41344617494889047,0.5022170159540083,0.33247701577804334,0.48510180556129173,0.4083496540039103,0.4178472290498748,0.441135636660504,6.580544349885049,0.0770787460211328
Denmark_p9,1.0,Denmark,16,0.5924925590028236,0.7138301635406583,-0.17002727707987106,-0.06945510356190895,0.18737341744283875,0.17857494127490903,0.22770188523237256,0.028601403605339432,0.19543656857691824,0.6307965406326822,0.009703809645640176,0.04041089877631389,0.6193078049962322,0.32681474466131977,0.19382393835010242,0.7055242060303883,0.1676062772747305,12.095446305687815,0.0285149257961162
Denmark_p10,3.0,Denmark,16,0.337079798986342,0.25282002901627576,-0.19095998435382772,0.22266400478846474,-0.009111799451131771,0.8542652550373626,-0.14391028417009008,-0.10963235776089993,0.4915485410881866,-0.06907693640164321,0.09658679336342982,0.46145431184508867,0.6680225536949523,0.39783965679670896,-0.042348704814751226,0.6700682351208629,0.0985419495443492,9.190607467643964,0.0129980663174653
Denmark_p11,2.5,Denmark,16,0.4484372508218728,-0.4200165004452118,-0.10724572943067108,0.1320025667572173,-0.44012051659708584,0.5261783105038115,-0.5129678841327812,-0.4349428641326109,-0.41042248150053917,-0.021586542625513516,0.1456947350713905,0.846851938976792,0.6427385148380209,0.36510871732319305,0.1384691119914395,0.29951599350339414,-0.2091298578575555,10.52855333495734,-0.0570973499786822
Denmark_p12,2.0,Denmark,16,-0.20007667763245454,-0.2034997197109979,0.2433829104884032,-0.05961793891516207,0.11510231517765922,-0.28633158459353447,0.036854742057449486,0.11510786778303335,-0.25841912900783565,0.14832223437319078,0.6050032895578216,0.5995074199826494,0.24750481266978222,-0.19597852826295403,0.3067685709711507,0.4494499117583086,-0.0106965790457987,11.898451526211636,-0.0155237613599871
Sweden_p1,3.0,Sweden,16,0.14411381921321312,-0.0026029107767252535,0.3087455515070689,0.1734992574333656,0.29114859917120944,-0.37344412592752,0.6172977376663233,-0.13865804573967508,-0.2697127021163665,0.05033297024171375,-0.2886306970893289,0.7815656210789949,-0.35858784431116897,0.4591551993492942,0.6721139165467733,-1.0277677247906194,-0.4619949063277626,8.47257331341381,0.0136303569844301
Sweden_p2,2.5,Sweden,16,0.03861761532081933,-0.11035497067561427,-0.11823746858101529,0.6035033663318716,-0.08369900038019365,0.32291946176438496,-0.1703057126738792,0.07935037770093187,-0.7490996750076485,0.42581582996487377,-0.1963398347203111,0.0961532256146012,-0.0699298202121733,0.08920350008268314,0.3993139388984481,-1.0908277080338278,-0.484289541948307,9.415097028896056,0.0062468437263191
Sweden_p3,2.0,Sweden,16,0.13434720981006043,0.12446827982421227,-0.2278698263419153,0.2811203439071509,-0.27157824686333243,0.3121926806827694,0.6424158814502268,0.24806202689878104,-0.04937281552100934,0.5860774372938826,0.19790308547010016,-0.31486735132304805,0.11451108642925657,-0.29229127674327177,-0.21812178368954832,-0.07685435457765992,-0.5047068912509329,12.644602822839673,0.0030896272940932
Sweden_p4,3.5,Sweden,16,-0.2353910177899592,0.6145498028787374,0.25565547963829627,-0.4661181737125035,-0.3260331192864253,0.7975112701184753,0.5857677460447193,-0.11454956394382299,0.19113401316686066,0.2497107877713326,-0.1944742899733453,-0.18093614536686628,-0.1726923410041081,-0.07918628551136736,0.6052933375795433,0.2538326899527117,-0.4337143173733937,5.764162952102174,0.0166335778932872
Sweden_p5,0.0,Sweden,16,-0.3356005087101136,0.12671589773777847,0.23771656746107195,-0.43351530341157074,0.1800262548078278,-0.2198789364993071,-0.04174442046071245,0.38713361730845053,0.08888196915127038,-0.09047932401537562,-0.13678062576099087,-0.036246891245671646,-0.07894541453979592,-0.1855233007475873,-0.30139230116856774,-0.37864523749041074,-0.5968216406924265,23.09202153901232,0.0163969906080977
Sweden_p6,2.0,Sweden,16,0.4482207755184848,-0.5075341061537717,-0.021000323594342674,-0.15137677822161244,0.014753337730202043,-0.16946897324066074,-0.11588209590594152,0.24962740935809627,-0.31364822955383664,-0.0491880134518427,-0.2355458634145408,-0.5917928631867913,-0.43579445233522035,-0.32069213715756123,-0.328375989699437,0.48813978837059935,-0.6643840015212576,11.87552415292211,-0.0366674178762565
Sweden_p7,1.0,Sweden,16,0.1999107439215924,0.22400234296444,0.2899552850060951,0.1595136949309173,0.524000318668707,0.5094010394703565,-0.49267050263309264,0.25895300138339955,0.3450487997891308,-0.09910268973363859,0.034567974430911676,0.5408754454831365,0.6721139165467733,0.02411819496660318,0.5490719356501451,0.16713946468042754,-0.3166024456911694,13.30062111528843,0.0499077574473287
Sweden_p8,3.0,Sweden,16,0.1988358578435831,-0.6680632728010298,-0.31862794704707,-0.6128310900667011,-0.3231691652901506,-0.22512189155432916,0.16886048684445062,-0.05416482440137127,-0.1336411579344602,-0.47959068144315664,0.03945464128427667,-0.02418945340223877,-1.0754677765976002,-0.1750477136791819,-0.508532052546541,-0.4270669906428556,-0.7737707758098638,9.54919611839222,-0.0585601508378315
Sweden_p9,3.5,Sweden,16,-0.16242321476847818,-0.0611175322336854,0.5857677460447193,0.5963981787377063,-0.0240088001735602,0.7738637764022722,0.46861419683577554,0.6638701121840151,-0.3489646245035596,-0.4229450884614765,0.6892291269394899,0.007159884990686722,1.099651608440029,0.4059155200499245,-0.13717421694707074,-0.05718755266771591,-0.4104707283848299,6.090568284460389,0.0211061909758671
Sweden_p10,2.0,Sweden,16,0.2962831622890244,0.12144948020335589,-0.09844089720317345,0.6766266314155998,0.7000573412573885,0.24237787682344877,0.29646381551770307,0.11734691455675827,0.24663004990064366,-0.444025300618772,0.5501396050536146,0.04636591368491631,0.2911485991712095,0.22624394728380812,-0.2901168700560699,-0.36199163050796135,-0.394704752415668,11.907634684495456,0.0292117518724305
Sweden_p11,3.0,Sweden,16,-0.20442879345848766,0.20002917200869755,-0.42826030480796995,-0.4724460509954329,0.42618480037809847,0.6484664228305703,-0.09458997486481219,0.3826293327910785,0.7813333526421223,-0.058286726582750296,-0.34227544076327304,0.03850922338361218,0.060399564290056496,-0.5080361498137028,-0.42679601079983764,-0.11690493661889675,-0.4379931487628895,8.572547291521028,0.0129168858795856
Sweden_p12,2.0,Sweden,16,-0.440781573302286,-0.02418945340223879,-0.16113957398902448,0.22268508066710055,-0.047728555181234644,0.4388052273781944,0.5606012609238624,0.17724931521806958,-0.007568697071800896,0.1365349524461036,-0.2170587404202496,0.122601913160359,-0.418323981655443,-0.8494701194182962,-0.12245605343630157,0.09323507564972294,-0.5225354753688959,10.867968492588297,-0.0010399684378912
Brazil_p1,2.0,Brazil,16,0.22584575803883838,0.2991367737665179,0.346805819053479,0.04069994394219956,0.8619214679435981,0.3823291049928375,0.7264958591078376,0.557949173096987,1.126605419650643,0.7915665782515118,0.053239679299369805,-0.034953033700147386,0.40991311593628,1.1784765874940393,0.15651442352775508,0.19878897436085038,0.4347456895109191,12.239571422588073,0.0993689378365361
Brazil_p2,0.5,Brazil,16,-0.052068244092863925,0.13860051587465477,-0.20863428282881288,-0.13851462297631473,0.10819917632355432,0.11357360671360056,0.11099207346756593,0.12071161274567861,-0.11164814554441987,0.004401054100984268,-0.594824489936531,-0.029975370999132406,-0.04585995301166308,-0.5655595443756614,0.06765258667498741,0.20349971971099795,-0.1161617923537535,12.71557704348523,-0.0480760878104938
Brazil_p3,2.0,Brazil,16,-0.4572081033686861,-0.5426659192293278,-0.14492294510652604,-0.6915428254076902,-0.25284038856931457,-0.2813853019758796,-0.3598592976141713,-0.5442570047828137,-0.0156204732278592,-0.005315216346493549,0.26766904656454926,0.12228811232675885,-0.28160208585029384,0.013613718105773213,-0.9725902394528124,-0.5005054949147366,-0.2678170684241348,10.917188889466765,-0.0790566632289878
Brazil_p4,0.5,Brazil,16,0.3769736860900005,0.2308357792880213,-0.3911788580023696,-0.0991825782965915,0.47685800119853355,-0.3284635055338714,-0.32740969569599976,0.750758242372105,0.35970445198958967,0.2972225590781531,-0.25043340068604686,0.061324709392057884,0.10704021696353484,0.3322016355860938,0.3541257115510686,0.031004454956357355,0.04011390074018,13.951099673594678,-0.0089217786591698
Brazil_p5,1.5,Brazil,16,0.6158690728760088,0.3389253285467584,0.35126728227901716,0.8916195030401448,-0.26231018530080125,0.5297938822169725,0.47712898104155144,0.42228269328965506,0.2080725596086623,-0.10413648818572792,0.6803577209095315,0.3896041859243807,0.3620598246646635,0.29095269139956786,0.2997537099913247,0.3597044519895898,0.3039937340658346,11.78253950801,0.063068767304089
Brazil_p6,2.0,Brazil,16,-0.6231549136988526,-0.28196339230765094,0.07913284168464069,-0.014391028417009002,0.15620473227859177,-0.16500089715213317,-0.18397412817617392,-0.36129553754307564,0.03883439919523367,-0.38514191695346445,0.33840380667887265,-0.41201356705402514,-0.43422687563354223,0.1941836861214253,0.09702036111225835,0.028916542905560942,0.013552747391138,11.403256482630908,-0.0119714962824045
Brazil_p7,2.0,Brazil,16,0.05472585226611071,-0.6527062972554929,-0.018701211098548186,0.05137413455240385,0.34550402178244505,-0.5691160451296384,0.609957199446958,0.38588309661896464,0.2503129652002612,0.43430994056008343,-0.2785213479796048,0.22481528249349353,0.6294463260507678,0.00684608415708662,-0.03391661995183298,-0.02907138853014254,0.0829290199867915,11.27693520717037,0.0062201131072961
Brazil_p8,3.5,Brazil,16,0.6289835863571277,-0.1538181039483629,0.17176326725661836,0.5755271231833434,0.10413648818572789,0.5423046127719707,-0.043631074382291385,0.08222426832067495,-0.5755271231833436,-0.03818318798127437,0.41452063087003976,0.5747569387156715,0.4614543118450887,0.7037884307513204,0.6039041156427872,0.45056333736047016,0.1616275526508411,8.061931778706061,0.0182158984278913
Brazil_p9,3.5,Brazil,16,-0.4812508832229305,-0.7352771302063692,0.07605668471338542,0.3099790783097375,-0.24613084527598922,-0.05169604153339036,-0.566784114195931,0.006756426776057998,-0.3599754318326076,0.17851969403267637,0.44920657754449494,-0.4874884338915207,0.06820148024418812,-1.3334880056075167,-0.05995074199826495,0.17176326725661842,-0.1886139035603379,8.411566865381827,-0.052046404002759
Brazil_p10,1.0,Brazil,16,-0.44748259948978114,0.23811193120069918,0.11536357796127214,-0.12669915084273595,0.010134640164087036,0.4079070841940947,0.058977222416275794,-0.02130064531071701,0.2872034274333647,-0.1913172142477106,0.4296018820037469,0.13442278330935462,0.49630448872743343,0.06718813827027911,0.10370255576204991,0.10278627360381336,0.0544442961641986,12.356248865783728,-0.0018790338333892
Brazil_p11,3.5,Brazil,16,0.1901213522304249,0.3440839787617306,-0.5269009234185258,-0.4122544380255965,0.14535694265071278,0.45882681254328844,-0.4567248131018481,-0.11563455780429005,-0.27292404516814983,-0.18773472390019594,0.29722255907815304,0.83298251069278,-0.15920247931959475,-0.1410178267995612,-0.15809775829802836,0.27628686950380027,-0.0295448208349266,8.940685234549058,-0.0209721529739282
Brazil_p12,3.0,Brazil,16,0.3194755825824049,-0.05302289542495549,-0.07831915001371026,0.1502600404116281,0.05400105003704347,0.3795062237798053,1.3216642587494152,-0.8365624531881235,-0.2398029679930598,0.12331502495032179,-0.16671472948579316,0.35046223837752283,-0.23845275341114527,0.5005054949147366,0.9089369113348699,0.6369054837388992,0.1886343524494488,9.340317598709523,0.0302633738164957
Columbia_p1,0.5,Columbia,16,-0.08359823571446796,0.428781388391233,0.6248189291143672,1.261352210293793,0.6803577209095316,-0.16609729751390162,0.03740242219709633,-0.3913789661941367,-0.5632041717005876,0.40842573834957985,0.6878789123575754,1.041239859236658,0.6649540315560866,0.18737341744283875,0.4583450706001455,0.996889087648094,0.0325063742764137,6.152639426942105,0.0038431365502912
Columbia_p2,3.0,Columbia,16,-0.2660435508722673,0.2064410198463984,-0.34781506825566233,0.2970057752037387,0.30351430571534677,0.15254081922847706,0.03230625222739126,0.160055654616953,0.2259472748464409,0.36072729270254505,-0.4259174343949582,0.6895091700443886,0.5291123465711343,0.05100330299604045,-0.043871945353862817,0.11183833286245033,0.0143322912359807,11.41732057645882,0.0032051976125561
Columbia_p3,2.0,Columbia,16,0.6453979006917046,0.07176097816794348,0.3258602476147414,0.20299944923158036,0.4955592122970818,0.28270680687186023,0.6013088417605172,0.5019761449824369,0.7568113261762758,0.1196606130249585,0.48039106021114425,0.10461381385177364,0.9352315751729334,0.5643135153109308,0.42751733234021705,0.16390657695531427,0.2212067149187588,12.329068438425818,0.0597501267772406
Columbia_p4,2.0,Columbia,16,0.16133929539640682,0.6285500186082991,0.014003353957677185,-0.2534492453015371,0.35948766811517546,0.4197831951736636,0.5067973848170498,-0.011247741521961788,-0.6149002132339779,0.6474680135812616,0.12348142649187328,0.23430709841788777,0.2698252224749251,0.4092714178017508,0.13153439784943352,0.3751081413430346,-0.0183449231918187,11.893307805132729,-0.0078450563387498
Columbia_p5,3.0,Columbia,16,0.19268863378933224,0.27500704236008733,0.2235596273753435,0.028761697280979288,0.1091068210956533,0.32400630022226046,0.5566091282103811,0.5770104494087973,0.032361999329361346,-0.19435403991566913,-0.08634617050205404,0.1936071544756881,0.7915993966894246,-0.078463672596653,0.015487067766681201,0.12477797107337549,0.0014745154223311,12.443833123293304,-0.0006908920069248
Columbia_p6,0.5,Columbia,16,1.3299080631121731,0.32065326891994184,0.2301851962365087,-0.21944536875047851,-0.6450376273338154,-0.031674514204546964,0.3597044519895897,0.8879365877405272,5.551115123125783e-17,-0.3009536485720848,0.5660681256968624,0.1534567974910058,-0.08359823571446799,0.23430709841788772,0.33605695827338666,0.6292118111387642,-0.0051258388665402,5.972143427641837,-0.0044019036028789
Columbia_p7,2.0,Columbia,16,0.12357556674195336,-0.16819572044260367,0.5549603673378295,0.23193730005581928,0.11715354920894389,-0.5974820981097778,-0.025021461109996063,1.1415410529116023,0.6673406598863156,0.1404397364677898,0.11755861358351817,0.4202098657930262,0.35215475716729167,0.21010493289651314,0.41888882315592324,0.14531375779397326,-0.0126257399251121,12.240506731654545,-0.0072959567864044
Columbia_p8,2.0,Columbia,16,0.4170276946860544,-0.1617006018537639,0.5097477085268036,0.24440506056246303,0.44990790088957294,0.49482897211088606,0.8164292650914378,0.18890513700491818,0.35161549325141334,0.12998995700348126,0.42053758402847485,-0.4105793819173392,0.10924325849913077,0.3138444989779267,0.31474139549089103,0.4659670267139151,0.0732343722076661,11.631858458980275,0.0172898044186748
Columbia_p9,3.0,Columbia,16,-0.3873947438812477,0.8356944580997497,0.4012626988752524,-0.09408970438539462,0.20614688983285837,0.23452388229230206,0.21374692027412462,-0.09148073361986904,-0.19606885487729328,-0.1899868661588819,0.3271891481298106,0.39194686511722254,-0.0020728274966287743,0.35737252105588235,0.43971612079306877,0.015305151228711166,-0.0509744176380141,11.988584459185184,-0.0153221044326522
Columbia_p10,1.0,Columbia,16,0.43105039135282774,-0.3977572258099289,-0.8168628328402662,0.16740741544473356,-0.06475962787654052,0.2900392555608664,0.4408875559995747,-0.02776939589758213,0.039485419389033855,0.0849484502963825,-0.39159575006855096,-0.37207015853372694,-0.5095448420542378,-0.19579787503427545,0.16874446763576204,0.480081368961981,-0.1404557917577626,10.978942594448972,-0.0382234237801294
Columbia_p11,1.0,Columbia,16,0.21252514944865064,-0.22596952708966406,-0.4331780840513707,0.5192067060132849,0.50408543741008,0.511967935315481,-0.34451754651055905,0.0254031133732865,0.27335828148753566,0.49124902961554257,-0.015868226227189735,-0.20519566948096693,-0.1099936642182571,0.7033548630024917,0.007376668865101033,0.03355531349447589,-0.0344966333874457,12.23360969414009,-0.0116398784556373
Columbia_p12,1.0,Columbia,16,-0.2584965518201265,0.14986334430723944,0.3478807051314882,0.10047257513561322,0.35953769516311723,0.40197900282268506,0.18737341744283878,0.45882681254328833,0.20779565070541,0.3576435008989002,0.15345679749100577,-0.2806673219089684,0.05720280721067892,0.055477713136048115,0.24224121153148254,0.02860433717129387,-0.0109734135141949,11.81306340656389,-0.0059625923379953
Poland_p1,3.0,Poland,16,0.18773472390019594,0.20349971971099795,0.015502227478178664,-0.032889707328269964,0.6361719747220687,0.3925846581931083,-0.3163142485788698,0.08956953826550147,0.3730828194701629,1.0246584835456765,0.554767001990015,0.23750192170835824,-0.27748018366891475,0.28868904097895187,1.3549875338265136,0.38550171786181137,0.298853697497501,8.738893001177379,0.0500234346498237
Poland_p2,3.0,Poland,16,-0.3814864009588269,-0.1329185450197459,-0.09864061861055579,-0.1233245260750732,-0.2754192325782252,-0.058576774604471915,-0.05578740438521144,-0.14904484728790504,0.16623850788902161,0.3558535296512285,-1.0222718552154475,0.18773472390019588,0.253181335473633,-0.5196402737621133,0.1656418508064644,-0.37997373231776377,-0.0741581385841408,9.032202446596472,-0.034418315755327
Poland_p3,2.0,Poland,16,-0.1875540706715173,-0.5726631691870689,0.20588634804122688,0.04317308525102703,0.09362649097852646,-0.48510180556129173,0.3633683650397045,0.022851950939460106,0.21359768185557326,0.2831009593707953,0.18590276737513856,0.5452902640474874,0.2943036425369371,0.5729669674679996,-0.5366927239881099,0.9320204231413092,0.1862722006661835,11.690258050691869,0.0296817983577691
Poland_p4,0.5,Poland,16,0.027277818544409263,-0.005911873429050765,0.0334724426311268,0.043997465687302874,0.11084504974634626,-0.12068660822155453,0.3636092360112759,0.4505633373604702,0.19352025578330656,0.4169003253171036,-0.7132474282378014,0.14717930254093917,-0.26740165564314916,0.2534796640149116,-0.05720280721067888,-0.15477275528045442,0.1463476333546843,13.41533653322134,0.0197809832214798
Poland_p5,3.0,Poland,16,-0.40425150463440973,0.241373216443109,-0.1697175858307078,-0.04258424208225858,-0.9647077415474116,-0.30481601181766826,0.5907025877551519,-0.2363680495085773,0.4912632813026697,-0.03666455473941901,0.03313930964059725,0.2598201368810567,-0.07960123965979736,-0.1053298023508423,-0.09601627379239622,-0.4963044887274336,0.059256521443565,9.305336454554206,-0.004605150718057
Poland_p6,0.5,Poland,16,-0.004121902181379054,-0.0868346863613631,-0.1624961446305069,-0.23701041043290128,0.07336276941515903,-0.33116326612714314,0.007086955128658047,-0.3011276773851178,0.1544687421018446,0.247924638301918,0.545445109672069,0.05313610492434098,-0.2694195803870066,0.17563364113950855,0.21496216011174232,0.4103040017253897,0.0832557256788783,13.553907046885046,0.0030548731850321
Poland_p7,3.0,Poland,16,-0.17678370385592915,-0.3404498402977836,-0.7082514231021372,-0.17380168461445128,-0.3491944547823884,-0.34234837062530177,-0.06098715574657933,0.34466206909350205,-0.13041148120373128,-0.9418266186631399,-0.42411464981471236,0.011467172126205547,0.5450525475595567,0.08756136362577704,-0.576817889806361,-0.33605695827338666,-0.1265242154720729,9.159341556468224,-0.0480166654855086
Poland_p8,1.5,Poland,16,0.33476950385819226,-0.2530041491865369,0.07332910947883807,-0.618991576085799,-0.12068660822155453,0.43164534238750774,0.0011933141651144414,-0.3150745284814206,0.20054378299647252,-0.05918437116633348,0.5127270131612097,0.6507655353263648,0.12698843912518798,0.08873279883228298,-0.024645902965511834,0.02928838730223593,-0.0007601940431313,12.068381763181652,-0.0228683556302066
Poland_p9,3.0,Poland,16,-0.058305794761454074,0.14669799888241908,-0.12508766232253876,-0.0437806818128886,0.12127545139032299,0.699759006149332,-0.3367795711881009,-0.24529883756823193,0.10174985985549893,0.8137580078724205,-1.0873571603315273,0.5550078729615866,0.2069710388408643,-0.30112767738511775,0.10109896121998198,-0.17573032381341577,0.2637455581634966,9.299986721136472,0.0428560169072085
Poland_p10,1.5,Poland,16,-0.5318187026619264,-0.12090073301019753,-0.6447295799184268,-0.05578740438521135,-0.16500089715213317,-0.36256840598586454,-0.20668189081796978,-0.4301049734521632,0.28948458375569486,-0.35860293122179177,0.5085686460488162,0.009900885895107807,-0.3234012037075279,-0.14850288760186933,0.4081041604435623,-0.8081417028114625,-0.0922287501085035,12.832074999821469,-0.0479747302197416
Poland_p11,2.0,Poland,16,-0.4712792607600124,-0.046861419683577536,-0.24577427054409315,-0.5192067060132848,0.3484226648175239,-0.24218959632328874,-0.3393544800184899,-0.08304864875695087,0.44487293615410695,0.22125878173951657,0.06437716615842791,0.1876033397338842,0.300299136618943,-0.3859794450075932,0.05578740438521135,0.23662079688608795,0.0385012734405354,10.100676007237038,-0.0094163556760777
Poland_p12,1.5,Poland,16,-0.09044431987155463,-0.3889928392918257,0.037315523504714766,0.6728365294614876,-0.04812699514016345,0.4918582323373498,-0.2958208760227045,0.25036113939457544,-0.15856010495366554,0.2561989724770074,0.667103803712105,-0.10339862072805057,0.3652003215647619,0.3014038576405094,0.014405280104136164,0.3234012037075279,0.1712234710118786,12.158486038831418,0.0235225796191209
Argentina_p1,1.5,Argentina,16,-0.0372667321683476,-0.793460626372732,-0.4666173783371578,-0.0662129824053685,-0.20701402533051544,-0.48336581538454465,-0.13638909272204622,0.10582900697549673,0.0032186360379862313,0.4964802754072648,-0.2639924213952985,-0.295341759788224,0.003708315563634369,0.3781888792137236,0.014910998729776092,-0.4355932157558538,-0.5647535496876783,9.984689590720278,0.003331090381533
Argentina_p2,1.0,Argentina,16,-0.3743601041900486,-0.48101044270947074,-0.49059767513646385,-0.05938971413352548,-0.860751906590362,-0.6029779676849499,-0.739319554783239,-0.3918125339429652,0.1895486661740226,0.47631604151249796,0.16736221315563413,-0.16743734240050742,-0.3234012037075278,-0.2292081645178905,0.0970859979880842,0.10890974484618568,-0.6132844341164962,9.48420249707987,-0.0169789428481674
Argentina_p3,2.0,Argentina,16,0.2640097561032111,0.06820980090398612,0.25191131482182477,-0.2496899861218376,0.16886048684445068,0.15877964110898077,-0.7528548226806122,-0.06672389629332286,0.12782773981914816,-0.14138469181780075,-0.011776863375368787,0.022563574344131643,0.05621049208017632,-0.4967238233120789,0.2684119988698808,-0.09972453798262715,-0.55208879171775,11.715307402153396,0.0021494087621507
Argentina_p4,3.5,Argentina,16,-0.6244321984187384,-0.3622590214293614,0.058750803417504896,-0.25860494375733356,-0.5323967929936979,-0.1591794874519921,0.7970777023696468,-0.4777870749460234,-0.11999308823809862,0.0897217069568404,0.14466340617073042,-0.01991065080405954,-0.207621621892377,0.10478784266480667,-0.04255539070826914,0.5750935554345151,-0.6242769994786949,10.224912299225757,-0.0137319349152825
Argentina_p5,0.0,Argentina,16,-0.21174352407375602,-0.10999366421825707,-0.817296400589095,-0.02657608173246771,-0.004663861867414812,-0.8650755378790554,-0.3515217262859477,0.5987848070679354,-0.9448921019908657,-0.7489135737279117,-0.22476058509697197,0.13255723856238877,-0.6917107665172328,-0.6027973144562713,0.22248335155978619,-0.12593931325773772,-0.8171022573871058,6.273775091340947,-0.0607925796360871
Argentina_p6,2.0,Argentina,16,-0.12729037959113856,-0.284711327095237,-0.2261345524907651,-0.16050983554082088,-0.5699289846586919,0.021161428432143525,-0.1864415490313903,0.36423683767847614,0.14025908323911124,0.31681051865816784,-0.49951658679017924,0.03586968053323334,0.06427982133801666,-0.21765539750280682,-1.014697927763454,-0.40386163394507446,-0.5873243650509029,12.243505495103818,-0.0079516986701598
Argentina_p7,2.0,Argentina,16,0.03638611914541097,-0.9327070486754073,0.42602995475351685,0.1050588225078245,0.2494940038969184,0.15281283273865381,-0.1547784333510078,0.12637438529032008,0.17674298474985167,-0.017042280530687817,0.09945074735970454,-0.21568477302645653,0.44881242504555985,-0.6287227580352573,0.4907070699295069,0.0367192521359406,-0.4274224354018623,11.05410069960321,0.0368157995260492
Argentina_p8,1.0,Argentina,16,-0.8453482172369172,-0.3576791301167179,0.4727360990171545,-0.027950049126260684,0.576097642754377,-0.08799493137460565,0.018465424974631082,-0.2468534581907035,1.1572157221080652,-0.08449201272023688,-0.06645499424703114,0.1842114401939462,-0.09458997486481217,0.6562456903195836,-0.250794707143404,-0.2964474713645283,-0.3725245006010642,9.967030240889224,0.0498288744083778
Argentina_p9,2.0,Argentina,16,-0.3151421448018067,-0.021549910551859834,0.13494386689261773,-0.3576791301167179,-0.46798659516857516,-0.08468908896970442,-0.3088982252430168,-0.8126249114501986,-0.4716505082186899,-0.5594225000979298,-0.05405141420846412,-0.12301072524147305,0.14796092791583365,-0.3905652745232061,-0.08019894644780315,-0.1679628422608675,-0.6192720753608137,12.410030245118795,-0.019335919882241
Argentina_p10,3.0,Argentina,16,0.13021039015690275,0.4743477828988782,-0.4789545815070409,0.2183012316355143,-0.08502258544112382,0.11276066718454691,0.03988319077740531,-0.4560843981020736,0.07774105968193884,-0.7420579884460736,-0.0031092412449431677,-0.37014469736454636,-0.831912786497092,0.3252458723517211,-0.04965036010747977,-0.23861438555340647,-0.4946922115009672,13.782674680675637,0.0192673279129456
Argentina_p11,1.0,Argentina,16,-0.13010809892184955,0.2392610083070241,-0.0343444748542659,-0.6475250203297699,-0.0255634207960318,-0.7171994619360466,0.2272409803926665,0.23589818397137366,-0.5289254738638314,-0.5930345186888593,0.19141316508646586,-0.13089322314687413,-0.4363805192013016,0.5187731382644564,-0.1869027161924385,0.5331028448692982,-0.5808817534943458,11.166194312511193,-0.0126768003967311
Argentina_p12,2.0,Argentina,16,-0.052368097809488076,0.016416350289880827,-0.37749385798614016,-0.2320934960448559,-0.7179826050515955,-0.4264283482829126,-0.20214950512908342,-0.5168945655155192,-0.47794192057060503,0.09088612189096362,-0.6159950287081658,0.12610792209433344,-0.11791229276939381,0.1988358578435832,-0.24553970853980334,0.17931026630875926,-0.5757308566656283,11.811074430476964,-0.0082902342270323
Chile_p1,1.0,Chile,16,0.5716965886533929,0.19113401316686066,-0.6172555859090518,0.4357458670381962,0.16989690059276502,0.058215468147114896,0.0645895125871799,0.2831210772549476,0.0990019250679129,0.06305170272365115,-0.5794208005830861,-0.09019709284041527,0.12491561162855919,-0.23963722626636175,0.6550614663207768,0.6957614102629764,-0.3418946719024238,10.74329969121371,0.0027853719330105
Chile_p2,3.0,Chile,16,-0.3746374400926344,0.562770603951759,0.21716813521329267,-0.22263449855837467,0.7759247274929618,0.19525591534823974,0.598114018470047,0.21128145295067338,-0.3133578940077461,-0.20274022400867098,0.297743642661416,-0.07540193697546688,-0.3958419585449535,-0.3114324328385655,0.30878506706225545,-0.15350430311476282,-0.3331945536880901,14.433281864483272,0.0066175810486019
Chile_p3,1.0,Chile,16,0.27893702192605685,0.029505581435855858,0.39997082818296076,0.8192932190877125,-0.21971634859349642,0.21671014608202832,-0.2257152364290636,0.06335003126492973,-0.22847974538931948,0.12467474065698773,0.00629188990231314,0.1514939869284442,0.017096208143213738,0.22792883880209555,0.24992757164574692,0.1141647434497864,-0.2614759462592368,10.38063253280924,0.0173180918431332
Chile_p4,3.0,Chile,16,0.25007209422868976,0.638819144843929,0.5297217880681406,0.5363297614268414,-0.05990698408104774,-0.31704808147235775,0.23430709841788774,0.017294525154773786,0.28594152404796414,0.08562355758733982,-0.22063868291559297,-0.025994342121688992,-0.1550953886682487,0.4311176343885991,-0.5481101735963059,-0.2133922849463077,-0.302494746045253,14.345536899458166,0.0139839363861592
Chile_p5,2.0,Chile,16,0.444916213215091,0.024895505277839056,0.00477325666045784,-0.025202114338674638,0.31790533413235583,0.35002867062869425,-0.19147424374558206,-0.7091682811178037,-0.6007363633655818,-0.7122490189884928,0.02780963166588685,0.09342267707950451,-0.23861220168011676,1.0530792339223374,0.20306615196216934,0.06648034838850884,-0.3222977364178581,12.7775697836196,0.0129307502306015
Chile_p6,3.0,Chile,16,1.002023650765909,0.1050588225078245,0.10180034975998035,0.14402222681530452,0.03300790575738193,0.3670811208546908,-0.14856752162185924,0.09350605549274084,-0.1453962016113851,-0.02277949862782943,0.0009076447720989508,-0.2773061548558817,0.3979547394356299,0.347519398674131,-0.12253339957542729,-0.14890935736639613,-0.2783327334874418,14.803757785665834,0.0210552040612074
Chile_p7,2.0,Chile,16,-0.23202123475338443,-0.06036293844303298,0.046861419683577536,0.08200775795239777,-0.35727406574214354,-0.5465972232008425,-0.09107566924529462,0.023105534030167338,-0.46210466346833157,0.09328927161832654,-0.982960130354168,-0.8139988788439917,0.09775226396914341,-0.28917078292209475,0.3126503355287551,-0.37583075425774887,-0.6582414654497752,12.850475152838404,-0.0712058889136452
Chile_p8,2.0,Chile,16,0.06209649935692244,0.7048372223334919,0.4875083238538922,-0.0577447668967146,-0.2633344425005742,-0.1946976115090294,-0.1412655797988918,0.13183972135201721,-0.5384046673121052,-0.6544966248202966,-0.24935967272266094,0.038586646195903074,-0.7461656389403256,-0.07072569727419485,0.28876197084098065,0.6125115249266592,-0.4369807495993602,11.629386847080507,-0.0131549796319232
Chile_p9,0.5,Chile,16,0.2147815068830638,0.13971712355307553,-0.12301072524147307,0.3817097224945109,-0.36959701722489946,-0.2144914588613421,0.7502162826860692,-0.3809653173755639,0.15566277259255612,-0.37069619113993396,0.5549603673378294,-0.6951965687624964,0.45299372360791634,-0.24309286246668152,-0.8296193520718511,-0.042521730771948395,-0.2974709597475032,5.856934884386599,0.0103031598472498
Chile_p10,0.5,Chile,16,0.12467474065698773,-0.35067902225193703,0.5206824409286394,-0.5451533122252823,0.8444449510935245,-1.0010109898294732,-0.5697992151907941,0.19250798056065369,-0.5138838623953097,-0.5481617888045,-0.18039418568083057,-0.6838282686118317,-0.19359189993272508,-0.09663565629072278,-0.817578821339335,-0.03167451420454691,-0.7125335339328064,6.210980542160638,-0.0632824828171954
Chile_p11,0.0,Chile,16,0.44729863405327974,0.14318767125537582,0.6585001984410002,1.307258978645279,0.13112526156425142,0.046572374517691806,0.6275668639019533,0.20460906332134102,0.11220726659128902,-0.3255995515375966,-0.34681098093580026,0.3987556350592378,0.23980296799305978,-0.026034122046431924,-0.5844650370865618,-0.6536722443840208,-0.3204386457878874,7.159303901744117,0.0046634110033163
Chile_p12,1.0,Chile,16,0.2739106419983189,0.1560379754521193,0.44865460775676463,-0.250794707143404,0.2395620970214885,0.29505338319289565,0.17718716207055785,0.19847928311168722,0.6466764515828985,0.20140961744209385,-0.4483825534253512,-0.07589292409616309,0.3545413854975206,-0.48510180556129173,0.22155057918630328,0.003304562303393851,-0.1555646238387199,11.044810676,0.0423778425977826
